<?xml version="1.0" encoding="UTF-8"?>
<project-private xmlns="http://www.netbeans.org/ns/project-private/1">
    <editor-bookmarks xmlns="http://www.netbeans.org/ns/editor-bookmarks/2" lastBookmarkId="0"/>
    <open-files xmlns="http://www.netbeans.org/ns/projectui-open-files/2">
        <group>
            <file>file:/Users/amiya/Documents/projects/foxaclapi/src/Broctagon/Api/V1/services/Containers/UserContainer.php</file>
            <file>file:/Users/amiya/Documents/projects/foxaclapi/src/Broctagon/Api/V1/services/Containers/AlertContainer.php</file>
            <file>file:/Users/amiya/Documents/projects/foxaclapi/src/Broctagon/Api/V1/Models/lasttrade_whitelabels_emails_alert.php</file>
            <file>file:/Users/amiya/Documents/projects/foxaclapi/src/Broctagon/Api/V1/Alert/Http/Controllers/TradealertdiscardController.php</file>
            <file>file:/Users/amiya/Documents/projects/foxaclapi/src/Broctagon/Api/V1/Models/Usertrade.php</file>
            <file>file:/Users/amiya/Documents/projects/foxaclapi/src/Broctagon/Api/V1/Configs/routes.php</file>
            <file>file:/Users/amiya/Documents/projects/foxaclapi/src/Broctagon/Api/V1/Models/Mt4gateway.php</file>
            <file>file:/Users/amiya/Documents/projects/foxaclapi/src/Broctagon/Api/V1/Models/lasttrade_whitelabels.php</file>
            <file>file:/Users/amiya/Documents/projects/foxaclapi/app/Http/Requests/UpdateUser.php</file>
            <file>file:/Users/amiya/Documents/projects/foxaclapi/src/Broctagon/Api/V1/Alert/Http/Controllers/LastTradeController.php</file>
            <file>file:/Users/amiya/Documents/projects/foxaclapi/src/Broctagon/Api/V1/services/Containers/GatewayContainer.php</file>
            <file>file:/Users/amiya/Documents/projects/foxaclapi/src/Broctagon/Api/V1/Alert/Http/Controllers/AlertController.php</file>
            <file>file:/Users/amiya/Documents/projects/foxaclapi/src/Broctagon/Api/V1/Common/Common.php</file>
            <file>file:/Users/amiya/Documents/projects/foxaclapi/src/Broctagon/Api/V1/Models/Mailsetting.php</file>
            <file>file:/Users/amiya/Documents/projects/foxaclapi/src/Broctagon/Api/V1/Models/User.php</file>
        </group>
    </open-files>
</project-private>
